cluster,count,avg_energy-kcal_100g,avg_fat_100g,avg_carbohydrates_100g,avg_sugars_100g,avg_proteins_100g,avg_salt_100g
0,27,256.8907399960123,16.0312450617284,20.586764331553223,10.977115096940102,7.7320276842499025,11.00607859618693
1,805,132.9793644356141,4.575050639502117,16.852863018429527,4.936050229142164,6.216752607855924,0.6902532990109437
2,112,356.3855883135687,8.438826997600374,17.946833568725463,6.292882927825876,51.69545640043298,1.7831143725443839
3,488,396.6407044564666,11.65020608734237,66.65079871986572,29.605062078197385,7.062836116596756,0.8437693669775768
4,211,521.6034563611879,41.702566419758085,19.863258063959897,7.193526712430843,14.90027481722767,1.285957160835677
